<?xml version="1.0" encoding="utf-8"?><feed xmlns="http://www.w3.org/2005/Atom" ><generator uri="https://jekyllrb.com/" version="4.0.1">Jekyll</generator><link href="http://localhost:4000/feed.xml" rel="self" type="application/atom+xml" /><link href="http://localhost:4000/" rel="alternate" type="text/html" /><updated>2020-05-23T00:35:16+01:00</updated><id>http://localhost:4000/feed.xml</id><title type="html">./codetrivances</title><subtitle>Codetrivances is a website of code snippets, ideas and machinations  that aim to help data scientists, analysts and aspiring coders with  their day-to-day work. The content is provided as guidance and I take  no responsibility for any damage caused by following my suggestions.</subtitle><entry><title type="html">Welcome to Jekyll!</title><link href="http://localhost:4000/jekyll/update/2020/05/22/welcome-to-jekyll.html" rel="alternate" type="text/html" title="Welcome to Jekyll!" /><published>2020-05-22T16:38:34+01:00</published><updated>2020-05-22T16:38:34+01:00</updated><id>http://localhost:4000/jekyll/update/2020/05/22/welcome-to-jekyll</id><content type="html" xml:base="http://localhost:4000/jekyll/update/2020/05/22/welcome-to-jekyll.html">&lt;p&gt;You’ll find this post in your &lt;code class=&quot;highlighter-rouge&quot;&gt;_posts&lt;/code&gt; directory. Go ahead and edit it and re-build the site to see your changes. You can rebuild the site in many different ways, but the most common way is to run &lt;code class=&quot;highlighter-rouge&quot;&gt;jekyll serve&lt;/code&gt;, which launches a web server and auto-regenerates your site when a file is updated.&lt;/p&gt;

&lt;p&gt;Jekyll requires blog post files to be named according to the following format:&lt;/p&gt;

&lt;p&gt;&lt;code class=&quot;highlighter-rouge&quot;&gt;YEAR-MONTH-DAY-title.MARKUP&lt;/code&gt;&lt;/p&gt;

&lt;p&gt;Where &lt;code class=&quot;highlighter-rouge&quot;&gt;YEAR&lt;/code&gt; is a four-digit number, &lt;code class=&quot;highlighter-rouge&quot;&gt;MONTH&lt;/code&gt; and &lt;code class=&quot;highlighter-rouge&quot;&gt;DAY&lt;/code&gt; are both two-digit numbers, and &lt;code class=&quot;highlighter-rouge&quot;&gt;MARKUP&lt;/code&gt; is the file extension representing the format used in the file. After that, include the necessary front matter. Take a look at the source for this post to get an idea about how it works.&lt;/p&gt;

&lt;p&gt;Jekyll also offers powerful support for code snippets:&lt;/p&gt;

&lt;figure class=&quot;highlight&quot;&gt;&lt;pre&gt;&lt;code class=&quot;language-ruby&quot; data-lang=&quot;ruby&quot;&gt;&lt;span class=&quot;k&quot;&gt;def&lt;/span&gt; &lt;span class=&quot;nf&quot;&gt;print_hi&lt;/span&gt;&lt;span class=&quot;p&quot;&gt;(&lt;/span&gt;&lt;span class=&quot;nb&quot;&gt;name&lt;/span&gt;&lt;span class=&quot;p&quot;&gt;)&lt;/span&gt;
  &lt;span class=&quot;nb&quot;&gt;puts&lt;/span&gt; &lt;span class=&quot;s2&quot;&gt;&quot;Hi, &lt;/span&gt;&lt;span class=&quot;si&quot;&gt;#{&lt;/span&gt;&lt;span class=&quot;nb&quot;&gt;name&lt;/span&gt;&lt;span class=&quot;si&quot;&gt;}&lt;/span&gt;&lt;span class=&quot;s2&quot;&gt;&quot;&lt;/span&gt;
&lt;span class=&quot;k&quot;&gt;end&lt;/span&gt;
&lt;span class=&quot;n&quot;&gt;print_hi&lt;/span&gt;&lt;span class=&quot;p&quot;&gt;(&lt;/span&gt;&lt;span class=&quot;s1&quot;&gt;'Tom'&lt;/span&gt;&lt;span class=&quot;p&quot;&gt;)&lt;/span&gt;
&lt;span class=&quot;c1&quot;&gt;#=&amp;gt; prints 'Hi, Tom' to STDOUT.&lt;/span&gt;&lt;/code&gt;&lt;/pre&gt;&lt;/figure&gt;

&lt;p&gt;Check out the &lt;a href=&quot;https://jekyllrb.com/docs/home&quot;&gt;Jekyll docs&lt;/a&gt; for more info on how to get the most out of Jekyll. File all bugs/feature requests at &lt;a href=&quot;https://github.com/jekyll/jekyll&quot;&gt;Jekyll’s GitHub repo&lt;/a&gt;. If you have questions, you can ask them on &lt;a href=&quot;https://talk.jekyllrb.com/&quot;&gt;Jekyll Talk&lt;/a&gt;.&lt;/p&gt;</content><author><name></name></author><summary type="html">You’ll find this post in your _posts directory. Go ahead and edit it and re-build the site to see your changes. You can rebuild the site in many different ways, but the most common way is to run jekyll serve, which launches a web server and auto-regenerates your site when a file is updated.</summary></entry><entry><title type="html">Setting up a Python development environment in Windows</title><link href="http://localhost:4000/python/poetry/pyenv/dev_env/2020/05/22/setting-up-python-windows.html" rel="alternate" type="text/html" title="Setting up a Python development environment in Windows" /><published>2020-05-22T16:38:34+01:00</published><updated>2020-05-22T16:38:34+01:00</updated><id>http://localhost:4000/python/poetry/pyenv/dev_env/2020/05/22/setting-up-python-windows</id><content type="html" xml:base="http://localhost:4000/python/poetry/pyenv/dev_env/2020/05/22/setting-up-python-windows.html">&lt;h1 id=&quot;setting-up-a-python-development-environment-in-windows&quot;&gt;Setting up a Python development environment in Windows&lt;/h1&gt;

&lt;h2 id=&quot;preparing-the-system&quot;&gt;Preparing the system&lt;/h2&gt;

&lt;p&gt;We should:&lt;/p&gt;
&lt;ol&gt;
  &lt;li&gt;allow powershell to execute scripts&lt;/li&gt;
  &lt;li&gt;install Git&lt;/li&gt;
  &lt;li&gt;(optional but recommended) uninstall and clean any Python versions currently installed. &lt;strong&gt;Warning: This will break current working repositories which will need to be reconfigured under the new pyenv-poetry combination!&lt;/strong&gt;&lt;/li&gt;
&lt;/ol&gt;

&lt;h2 id=&quot;setting-up-the-python-environment&quot;&gt;Setting up the Python environment&lt;/h2&gt;

&lt;h3 id=&quot;pyenv---the-python-version-manager&quot;&gt;Pyenv - The Python Version Manager&lt;/h3&gt;

&lt;h4 id=&quot;why-use-it&quot;&gt;Why use it?&lt;/h4&gt;

&lt;p&gt;To-do&lt;/p&gt;

&lt;h4 id=&quot;instructions&quot;&gt;Instructions&lt;/h4&gt;

&lt;ol&gt;
  &lt;li&gt;
    &lt;p&gt;Let’s open a Powershell window and install pyenv for windows according to the &lt;a href=&quot;https://github.com/pyenv-win/pyenv-win&quot;&gt;official instructions&lt;/a&gt;.&lt;/p&gt;

    &lt;p&gt;&lt;strong&gt;Note 1:&lt;/strong&gt; We must use the install option with git clone.&lt;/p&gt;

    &lt;p&gt;&lt;strong&gt;Note 2:&lt;/strong&gt; Since we are using PowerShell (and not the command line), in the git command we should replace &lt;code class=&quot;highlighter-rouge&quot;&gt;%USERPROFILE%&lt;/code&gt; with &lt;code class=&quot;highlighter-rouge&quot;&gt;$env:USERPROFILE&lt;/code&gt;, e.g.:&lt;/p&gt;

    &lt;div class=&quot;highlighter-rouge&quot;&gt;&lt;div class=&quot;highlight&quot;&gt;&lt;pre class=&quot;highlight&quot;&gt;&lt;code&gt; git clone https://github.com/pyenv-win/pyenv-win.git $env:USERPROFILE/.pyenv
&lt;/code&gt;&lt;/pre&gt;&lt;/div&gt;    &lt;/div&gt;
  &lt;/li&gt;
  &lt;li&gt;
    &lt;p&gt;After installing pyenv, we need to follow the instructions on the section “finish the installation” and confirm that we have a working installation by typing &lt;code class=&quot;highlighter-rouge&quot;&gt;pyenv --version&lt;/code&gt; in the terminal.&lt;/p&gt;
  &lt;/li&gt;
  &lt;li&gt;
    &lt;p&gt;Now that pyenv is installed, we also need to install a global python version that we will use to install poetry:&lt;/p&gt;
    &lt;ol&gt;
      &lt;li&gt;We can check what Python versions are available with &lt;code class=&quot;highlighter-rouge&quot;&gt;pyenv install -l&lt;/code&gt;&lt;/li&gt;
      &lt;li&gt;We can then install the latest available (3.8.2 at the time of writing this, in 32bit and 64bit) with &lt;code class=&quot;highlighter-rouge&quot;&gt;pyenv install 3.8.2-amd64&lt;/code&gt; and follow the instructions of the pop-up wizard&lt;/li&gt;
      &lt;li&gt;Once the installation has completed, we can set this version as global with &lt;code class=&quot;highlighter-rouge&quot;&gt;pyenv global 3.8.2-amd64&lt;/code&gt;&lt;/li&gt;
      &lt;li&gt;We then have to reset the symbolic links in Pyenv to redirect to this new global python version by typing &lt;code class=&quot;highlighter-rouge&quot;&gt;pyenv rehash&lt;/code&gt; . This is done so that everytime we type &lt;code class=&quot;highlighter-rouge&quot;&gt;python&lt;/code&gt; in the terminal (outside of a virtual environment), pyenv will redirect to the correct global one&lt;/li&gt;
      &lt;li&gt;We can confirm that we have set up everything correctly by typing &lt;code class=&quot;highlighter-rouge&quot;&gt;python --version&lt;/code&gt;&lt;/li&gt;
    &lt;/ol&gt;
  &lt;/li&gt;
&lt;/ol&gt;

&lt;h3 id=&quot;poetry---virtual-environment-and-python-package-manager&quot;&gt;Poetry - Virtual Environment and Python Package Manager&lt;/h3&gt;

&lt;h4 id=&quot;why-use-it-1&quot;&gt;Why use it?&lt;/h4&gt;

&lt;p&gt;To-do&lt;/p&gt;

&lt;h4 id=&quot;instructions-1&quot;&gt;Instructions&lt;/h4&gt;

&lt;ol&gt;
  &lt;li&gt;
    &lt;p&gt;Let’s open a Powershell window and install pyenv according to the &lt;a href=&quot;https://python-poetry.org/docs/&quot;&gt;official instructions&lt;/a&gt;. For this, we need to use the powershell command:&lt;/p&gt;

    &lt;div class=&quot;highlighter-rouge&quot;&gt;&lt;div class=&quot;highlight&quot;&gt;&lt;pre class=&quot;highlight&quot;&gt;&lt;code&gt; Invoke-WebRequest -Uri https://raw.githubusercontent.com/python-poetry/poetry/master/get-poetry.py -UseBasicParsing.Content | python
&lt;/code&gt;&lt;/pre&gt;&lt;/div&gt;    &lt;/div&gt;
  &lt;/li&gt;
  &lt;li&gt;
    &lt;p&gt;then, let’s restart Powershell and type &lt;code class=&quot;highlighter-rouge&quot;&gt;poetry --version&lt;/code&gt;. It should return the latest installed version.&lt;/p&gt;
  &lt;/li&gt;
  &lt;li&gt;
    &lt;p&gt;Finally, we need to change a global setting of Poetry to ensure that all our virtual environments will be created within our project folders as a .venv folder. In the powershell terminal we need to type &lt;code class=&quot;highlighter-rouge&quot;&gt;poetry config virtualenvs.in-project true&lt;/code&gt;&lt;/p&gt;

    &lt;p&gt;We can confirm the change by checking the global setting in poetry:&lt;/p&gt;

    &lt;p&gt;&lt;code class=&quot;highlighter-rouge&quot;&gt;poetry config --list&lt;/code&gt;&lt;/p&gt;

    &lt;p&gt;&lt;em&gt;If we don’t do the above, all new virtual environments will be created globally, which is not necessarily wrong, but is a messier solution compared to having it locally, per project. Over time, this will make our python virtual environments more difficult to manage.&lt;/em&gt;&lt;/p&gt;
  &lt;/li&gt;
&lt;/ol&gt;

&lt;h2 id=&quot;set-up-a-python-project&quot;&gt;Set-up a Python project&lt;/h2&gt;

&lt;h3 id=&quot;day-to-day-work&quot;&gt;Day-to-day work&lt;/h3&gt;
&lt;h3 id=&quot;collaboration-and-co-development&quot;&gt;Collaboration and co-development&lt;/h3&gt;
&lt;h3 id=&quot;packaging-and-publishing&quot;&gt;Packaging and publishing&lt;/h3&gt;</content><author><name></name></author><summary type="html">Setting up a Python development environment in Windows</summary></entry></feed>